message,is_spam,spam_probability,predicted
"In The Simpsons Movie released in July 2007 name the band that died at the start of the film? A-Green Day, B-Blue Day, C-Red Day. (Send A, B or C)",1,0.013,0
Would you like to see my XXX pics they are so hot they were nearly banned in the uk!,1,0.049,0
ringtoneking 84484,1,0.115,0
"Latest News! Police station toilet stolen, cops have nothing to go on!",1,0.157,0
Burger King - Wanna play footy at a top stadium? Get 2 Burger King before 1st Sept and go Large or Super with Coca-Cola and walk out a winner,1,0.204,0
Babe: U want me dont u baby! Im nasty and have a thing 4 filthyguys. Fancy a rude time with a sexy bitch. How about we go slo n hard! Txt XXX SLO(4msgs),1,0.304,0
Want explicit SEX in 30 secs? Ring 02073162414 now! Costs 20p/min,1,0.344,0
ASKED 3MOBILE IF 0870 CHATLINES INCLU IN FREE MINS. INDIA CUST SERVs SED YES. L8ER GOT MEGA BILL. 3 DONT GIV A SHIT. BAILIFF DUE IN DAYS. I O £250 3 WANT £800,1,0.381,0
Missed call alert. These numbers called but left no message. 07008009200,1,0.383,0
Hi its LUCY Hubby at meetins all day Fri & I will B alone at hotel U fancy cumin over? Pls leave msg 2day 09099726395 Lucy x Calls£1/minMobsmoreLKPOBOX177HP51FL,1,0.442,0
"Xmas & New Years Eve tickets are now on sale from the club, during the day from 10am till 8pm, and on Thurs, Fri & Sat night this week. They're selling fast!",1,0.584,0
Want explicit SEX in 30 secs? Ring 02073162414 now! Costs 20p/min Gsex POBOX 2667 WC1N 3XX,1,0.621,0
Dear Voucher Holder 2 claim your 1st class airport lounge passes when using Your holiday voucher call 08704439680. When booking quote 1st class x 2,1,0.723,0
Bought one ringtone and now getting texts costing 3 pound offering more tones etc,1,0.74,0
I (Career Tel) have added u as a contact on INDYAROCKS.COM to send FREE SMS. To remove from phonebook - sms NO to  &lt;#&gt;,0,0.931,1
